{"type":"header","name":"Header Group","sections":{"announcement-bar":{"type":"announcement-bar","blocks":{"3640ecf3-51d4-47c8-b1a0-77349787048e":{"type":"announcement","settings":{"text":"<p style=\"line-height: 1\">\n    <svg style=\"fill: #ffdb26; width: 18px; height: 18px; margin: 0 15px 0 95px\" xmlns=\"http:\/\/www.w3.org\/2000\/svg\" viewbox=\"0 0 506.53 510.69\"><g id=\"Layer_2\" data-name=\"Layer 2\"><g id=\"Layer_1-2\" data-name=\"Layer 1\"><path d=\"M500.7,27.62q-36.6,35-73.12,70.12-51.12,49.06-102.29,98.1a55.94,55.94,0,0,1-5.33,4c3.14,2.3,5.08,3.77,7.06,5.18,29.3,21,58.69,42,87.82,63.22a21,21,0,0,1,7.21,10.15c2.13,7-1.16,12.82-8.35,16.79Q383.18,312,352.54,328.66L59.88,488.36a297,297,0,0,1-35,20A23.59,23.59,0,0,1,20,510.11h0a19.7,19.7,0,0,1-4.67.58,15.23,15.23,0,0,1-9.59-3.19c-.18-.13-.34-.28-.51-.43a1.49,1.49,0,0,1-.14-.12l-.58-.55L4.19,506a16.25,16.25,0,0,1-4.08-9.31,16.08,16.08,0,0,1-.11-1.8A13.51,13.51,0,0,1,.57,491a18.36,18.36,0,0,1,5.26-7.94q33.48-32,66.89-64.15,67.46-65.28,135-130.49a49.09,49.09,0,0,1,5.42-3.89c-8.41-6.07-15.5-11.2-22.62-16.3l-79.41-57c-12.42-8.92-11.34-21.75,2.4-28.48L481.61,2.37C493.53-3.47,505,1.88,506.42,14,507.08,19.56,504.66,23.84,500.7,27.62Z\"><\/path><\/g><\/g><\/svg>\n    <a href=\"#\">\n        <span>Clearance Sale Event: Up to 50% Off Select Items!<\/span>\n    <\/a>\n<\/p>","btn_color":"#f84248","btn_border_color":"#ffffff","btn_bg_color":"#ffffff","btn_bg_color_gradient":""}}},"block_order":["3640ecf3-51d4-47c8-b1a0-77349787048e"],"settings":{"enable_announcement":true,"layout":"scroll","enable_close":false,"color_text":"#ffffff","bg_color_text":"#f5004f","bg_color_text_gradient":"","font_size_text":14,"font_style_text":"normal","font_weight_text":"700","arrow_active":false,"content_max_width":38,"padding_top":11,"padding_bottom":11}},"header-mobile":{"type":"header-mobile","blocks":{"7de2266e-0cd4-4fda-9f09-06f75a17f944":{"type":"menu","settings":{"color":"#232323","menu_tab_bg":"#000000"}},"550fbd21-75fb-4051-9dee-77d91b5239f0":{"type":"logo","settings":{"logo_mobile":"shopify:\/\/shop_images\/WhatsApp_Image_2025-01-10_at_12.03.03_PM.jpg","logo_transparent":"shopify:\/\/shop_images\/WhatsApp_Image_2025-01-10_at_12.03.03_PM.jpg","logo_width_mobile":100,"logo_text":"RABT","logo_font_size":30,"logo_font_weight":"900","logo_text_transform":"uppercase","logo_color":"#7c00fe"}},"20dae707-64c0-4ea3-a05e-561cae9836d8":{"type":"customer","disabled":true,"settings":{"icon":"1","color":"#232323"}},"633f9dae-3f65-4bda-9ca8-9d3e231aaf9d":{"type":"cart","disabled":true,"settings":{"icon":"2","color":"#232323","color_bubble":"#ffffff","bg_bubble":"#000000"}},"wishlist_XVLc4B":{"type":"wishlist","settings":{"color":"#232323"}}},"block_order":["7de2266e-0cd4-4fda-9f09-06f75a17f944","550fbd21-75fb-4051-9dee-77d91b5239f0","20dae707-64c0-4ea3-a05e-561cae9836d8","633f9dae-3f65-4bda-9ca8-9d3e231aaf9d","wishlist_XVLc4B"],"settings":{"background":"#ffffff","gradient":"","sticky_header_type":"always","enable_transparent":false,"transparent_color":"#ffffff","transparent_border_color":"","padding_top":0,"padding_bottom":0}},"header_basic_VaypBy":{"type":"header-basic","blocks":{"conversion_group_PDGAMk":{"type":"conversion_group","disabled":true,"settings":{"show_language_currency":false,"language_currency_color":"#3c3c3c","customer_service_text":"","text_color":"#3c3c3c"}},"logo_8rpdn3":{"type":"logo","settings":{"logo":"shopify:\/\/shop_images\/WhatsApp_Image_2025-01-10_at_12.03.03_PM.jpg","logo_width":110,"logo_text":"","logo_font_size":40,"logo_font_weight":"900","logo_text_transform":"uppercase","logo_color":"#7c00fe"}},"function_group_J3jM9T":{"type":"function_group","settings":{"show_search":true,"search_color":"#3c3c3c","bg_search_color":"","search_border_color":"#7b7b7b","search_icon_color":"#232323","show_customer":true,"customer_color":"#232323","show_wishlist":true,"wishlist_color":"#232323","show_cart":true,"cart_color":"#232323","cart_color_item":"#ffffff","cart_bg_item":"#232323"}}},"block_order":["conversion_group_PDGAMk","logo_8rpdn3","function_group_J3jM9T"],"settings":{"container":"1770","padding_full_width":0,"background":"#ffffff","gradient":"","enable_transparent":false,"padding_top":20,"padding_bottom":0}}},"order":["announcement-bar","header-mobile","header_basic_VaypBy"]}