{"sections":{"1640661849c9458fec":{"type":"custom-service-block","blocks":{"674717f1-d1f7-491c-bc9d-f77e227a1856":{"type":"Text","settings":{"bg_color_block":"#f9ede1","border_block":"#f9ede1","icon_type":"text","icon":"","width_icon":64,"height_icon":64,"mg_bottom_icon":45,"color_icon":"#3c3c3c","text":"FREE SHIPPING ALL OVER INDIA","type_tab_font":"font_1","fontsize_title_block":24,"fontsize_title_block_mb":16,"title_block_font_weight":"700","mg_bottom_title":7,"mg_bottom_title_mb":0,"color_block":"#232323","description":"Plus, two-day delivery on thousands of items.","fontsize_des_block":16,"fontsize_des_block_mb":14,"lineheight_des_block":22,"mg_bottom_des":0,"color_des_block":"#3c3c3c","button":"","link":"","button_style":"style1","fontsize_button":14,"button_width":235,"fontweight_button":"500","enable_underline_button":false,"color_button":"#ba7a2d","button_border":"","button_background":"","button_background_gradient":"","button_color_hover":"#ba7a2d","button_border_hover":"","button_background_hover":"","button_background_gradient_hover":""}},"22d904a0-09fc-41d6-8e88-34bb90223657":{"type":"Text","settings":{"bg_color_block":"#f9ede1","border_block":"#f9ede1","icon_type":"text","icon":"","width_icon":64,"height_icon":64,"mg_bottom_icon":45,"color_icon":"#3c3c3c","text":"AMAZING VALUE EVERY DAY","type_tab_font":"font_1","fontsize_title_block":24,"fontsize_title_block_mb":16,"title_block_font_weight":"700","mg_bottom_title":7,"mg_bottom_title_mb":0,"color_block":"#232323","description":"Items you love at prices that fit your budget.","fontsize_des_block":16,"fontsize_des_block_mb":14,"lineheight_des_block":22,"mg_bottom_des":0,"color_des_block":"#3c3c3c","button":"","link":"","button_style":"style1","fontsize_button":14,"button_width":235,"fontweight_button":"500","enable_underline_button":false,"color_button":"#ba7a2d","button_border":"","button_background":"","button_background_gradient":"","button_color_hover":"#ba7a2d","button_border_hover":"","button_background_hover":"","button_background_gradient_hover":""}}},"block_order":["674717f1-d1f7-491c-bc9d-f77e227a1856","22d904a0-09fc-41d6-8e88-34bb90223657"],"settings":{"id_section":"","container":"container","padding_full_width":0,"display_border_top":false,"display_border_bottom":false,"border_color":"#d0d0d0","service_block_swipe_on_mobile":"scroll","color_icon_slider":"#212121","service_block_style":"style_1","mg_top_desktop":15,"mg_top_tablet":15,"mg_top_mobile":15,"mg_bottom_desktop":10,"mg_bottom_tablet":10,"mg_bottom_mobile":10,"policies_bg":"rgba(0,0,0,0)","policies_bg_gradient":"","service_block_title":"","enable_border_title":false,"color_title":"#000000","fontsize_title":30,"fontsize_title_mb":22,"mg_bottom_title_service_block":12,"mg_bottom_title_service_block_mb":12,"service_block_des":"","service_block_des_pos":"bottom","color_des":"#000000","fontsize_des":16,"mg_top_service_block_des":50,"mg_bottom_service_block_des":50,"view_all":"","view_all_align":"center","font_weight_view_all":"400","mg_top_view":0,"mg_bottom_view":30,"enable_border_view_all":true,"link_view_all":"","color_view_all":"#3c3c3c","icon_view_all":"","color_view_all_icon":"#eb492f","title_align":"center","item_width":"full_width","border_item":"style_2","enable_item_distance":false,"enable_hover_box_shadow":false,"enable_hover_effects_top":false,"item_padding_top":27,"item_padding_bottom":16,"item_padding_left_right":40,"item_radius":0,"grid_gap":30,"enable_block_bottom":false,"bg_block_bottom":"#000000","btn_text_block_bottom":"Shop Now","button_link_block_bottom":"","button_1_width_block_bottom":235,"button_color_block_bottom":"#ffffff","button_border_block_bottom":"#232323","button_background_block_bottom":"#232323","button_background_gradient_block_bottom":"","button_color_hover_block_bottom":"#ffffff","button_border_hover_block_bottom":"#232323","button_background_hover_block_bottom":"#232323","button_background_gradient_hover_block_bottom":"","btn_2_text_block_bottom":"Shop Now","button_link_2_block_bottom":"","button_2_width_block_bottom":235,"button_2_color_block_bottom":"#ffffff","button_2_border_block_bottom":"#232323","button_2_background_block_bottom":"#232323","button_2_background_gradient_block_bottom":"","button_2_color_hover_block_bottom":"#ffffff","button_2_border_hover_block_bottom":"#232323","button_2_background_hover_block_bottom":"#232323","button_2_background_gradient_hover_block_bottom":""}},"1641376862eb238c02":{"type":"policies-block","blocks":{"42da5be0-ceb2-4dfe-8de3-ff0116edaa8f":{"type":"Text","settings":{"icon_type":"text","icon":"<svg aria-hidden=\"true\" focusable=\"false\" data-prefix=\"fal\" data-icon=\"gift\" role=\"img\" xmlns=\"http:\/\/www.w3.org\/2000\/svg\" viewbox=\"0 0 512 512\" class=\"svg-inline--fa fa-gift fa-w-16 fa-3x\"><path fill=\"currentColor\" d=\"M464 144h-39.3c9.5-13.4 15.3-29.9 15.3-48 0-44.1-33.4-80-74.5-80-42.3 0-66.8 25.4-109.5 95.8C213.3 41.4 188.8 16 146.5 16 105.4 16 72 51.9 72 96c0 18.1 5.8 34.6 15.3 48H48c-26.5 0-48 21.5-48 48v96c0 8.8 7.2 16 16 16h16v144c0 26.5 21.5 48 48 48h352c26.5 0 48-21.5 48-48V304h16c8.8 0 16-7.2 16-16v-96c0-26.5-21.5-48-48-48zm-187.8-3.6c49.5-83.3 66-92.4 89.3-92.4 23.4 0 42.5 21.5 42.5 48s-19.1 48-42.5 48H274l2.2-3.6zM146.5 48c23.4 0 39.8 9.1 89.3 92.4l2.1 3.6h-91.5c-23.4 0-42.5-21.5-42.5-48 .1-26.5 19.2-48 42.6-48zM192 464H80c-8.8 0-16-7.2-16-16V304h128v160zm0-192H32v-80c0-8.8 7.2-16 16-16h144v96zm96 192h-64V176h64v288zm160-16c0 8.8-7.2 16-16 16H320V304h128v144zm32-176H320v-96h144c8.8 0 16 7.2 16 16v80z\" class=\"\"><\/path><\/svg>","icon_width":26,"icon_height":26,"icon_mg_right":14,"text":"FREE GIFT WRAPPING","font_size_text":18,"font_size_text_mb":16,"mg_bottom_text":0,"font_weight_text":"700","font_style_text":"normal","description":"","link":""}},"e9b780cb-12f1-43fd-8872-cb8cf4652df6":{"type":"Text","disabled":true,"settings":{"icon_type":"text","icon":"<svg aria-hidden=\"true\" focusable=\"false\" data-prefix=\"fal\" data-icon=\"box-alt\" role=\"img\" xmlns=\"http:\/\/www.w3.org\/2000\/svg\" viewbox=\"0 0 448 512\" class=\"svg-inline--fa fa-box-alt fa-w-14 fa-3x\"><path fill=\"currentColor\" d=\"M447.9 176c0-10.6-2.6-21-7.6-30.3l-49.1-91.9c-4.3-13-16.5-21.8-30.3-21.8H87.1c-13.8 0-26 8.8-30.4 21.9L7.6 145.8c-5 9.3-7.6 19.7-7.6 30.3C.1 236.6 0 448 0 448c0 17.7 14.3 32 32 32h384c17.7 0 32-14.3 32-32 0 0-.1-211.4-.1-272zm-87-112l50.8 96H286.1l-12-96h86.8zM192 192h64v64h-64v-64zm49.9-128l12 96h-59.8l12-96h35.8zM87.1 64h86.8l-12 96H36.3l50.8-96zM32 448s.1-181.1.1-256H160v64c0 17.7 14.3 32 32 32h64c17.7 0 32-14.3 32-32v-64h127.9c0 74.9.1 256 .1 256H32z\" class=\"\"><\/path><\/svg>","icon_width":24,"icon_height":27,"icon_mg_right":14,"text":"EASY & FREE RETURNS","font_size_text":18,"font_size_text_mb":16,"mg_bottom_text":0,"font_weight_text":"700","font_style_text":"normal","description":"","link":""}},"f4750cba-f9c8-46bd-886b-3d56aaafe9e5":{"type":"Text","settings":{"icon_type":"text","icon":"<svg aria-hidden=\"true\" focusable=\"false\" data-prefix=\"fal\" data-icon=\"badge-percent\" role=\"img\" xmlns=\"http:\/\/www.w3.org\/2000\/svg\" viewbox=\"0 0 512 512\" class=\"svg-inline--fa fa-badge-percent fa-w-16 fa-3x\"><path fill=\"currentColor\" d=\"M349.66 173.65l-11.31-11.31c-3.12-3.12-8.19-3.12-11.31 0l-164.7 164.69c-3.12 3.12-3.12 8.19 0 11.31l11.31 11.31c3.12 3.12 8.19 3.12 11.31 0l164.69-164.69c3.13-3.12 3.13-8.18.01-11.31zM240 192c0-26.47-21.53-48-48-48s-48 21.53-48 48 21.53 48 48 48 48-21.53 48-48zm-64 0c0-8.83 7.19-16 16-16s16 7.17 16 16-7.19 16-16 16-16-7.17-16-16zm144 80c-26.47 0-48 21.53-48 48s21.53 48 48 48 48-21.53 48-48-21.53-48-48-48zm0 64c-8.81 0-16-7.17-16-16s7.19-16 16-16 16 7.17 16 16-7.19 16-16 16zm192-80c0-35.5-19.4-68.2-49.6-85.5 9.1-33.6-.3-70.4-25.4-95.5s-61.9-34.5-95.5-25.4C324.2 19.4 291.5 0 256 0s-68.2 19.4-85.5 49.6c-33.6-9.1-70.4.3-95.5 25.4s-34.5 61.9-25.4 95.5C19.4 187.8 0 220.5 0 256s19.4 68.2 49.6 85.5c-9.1 33.6.3 70.4 25.4 95.5 26.5 26.5 63.4 34.1 95.5 25.4 17.4 30.2 50 49.6 85.5 49.6s68.1-19.4 85.5-49.6c32.7 8.9 69.4.7 95.5-25.4 25.1-25.1 34.5-61.9 25.4-95.5 30.2-17.3 49.6-50 49.6-85.5zm-91.1 68.3c5.3 11.8 29.5 54.1-6.5 90.1-28.9 28.9-57.5 21.3-90.1 6.5C319.7 433 307 480 256 480c-52.1 0-64.7-49.5-68.3-59.1-32.6 14.8-61.3 22.2-90.1-6.5-36.8-36.7-10.9-80.5-6.5-90.1C79 319.7 32 307 32 256c0-52.1 49.5-64.7 59.1-68.3-5.3-11.8-29.5-54.1 6.5-90.1 36.8-36.9 80.8-10.7 90.1-6.5C192.3 79 205 32 256 32c52.1 0 64.7 49.5 68.3 59.1 11.8-5.3 54.1-29.5 90.1 6.5 36.8 36.7 10.9 80.5 6.5 90.1C433 192.3 480 205 480 256c0 52.1-49.5 64.7-59.1 68.3z\" class=\"\"><\/path><\/svg>","icon_width":24,"icon_height":24,"icon_mg_right":14,"text":"STUDENT DISCOUNT","font_size_text":18,"font_size_text_mb":16,"mg_bottom_text":0,"font_weight_text":"700","font_style_text":"normal","description":"","link":""}},"55eecbbd-d201-47af-9505-25c5ffb7fe8c":{"type":"Text","settings":{"icon_type":"text","icon":"<svg aria-hidden=\"true\" focusable=\"false\" data-prefix=\"fal\" data-icon=\"shield-check\" role=\"img\" xmlns=\"http:\/\/www.w3.org\/2000\/svg\" viewbox=\"0 0 512 512\" class=\"svg-inline--fa fa-shield-check fa-w-16 fa-3x\"><path fill=\"currentColor\" d=\"M466.5 83.7l-192-80a48.15 48.15 0 0 0-36.9 0l-192 80C27.7 91.1 16 108.6 16 128c0 198.5 114.5 335.7 221.5 380.3 11.8 4.9 25.1 4.9 36.9 0C360.1 472.6 496 349.3 496 128c0-19.4-11.7-36.9-29.5-44.3zM262.2 478.8c-4 1.6-8.4 1.6-12.3 0C152 440 48 304 48 128c0-6.5 3.9-12.3 9.8-14.8l192-80c3.9-1.6 8.4-1.6 12.3 0l192 80c6 2.5 9.9 8.3 9.8 14.8.1 176-103.9 312-201.7 350.8zm136.2-325c-4.7-4.7-12.3-4.7-17-.1L218 315.8l-69-69.5c-4.7-4.7-12.3-4.7-17-.1l-8.5 8.5c-4.7 4.7-4.7 12.3-.1 17l85.9 86.6c4.7 4.7 12.3 4.7 17 .1l180.5-179c4.7-4.7 4.7-12.3.1-17z\" class=\"\"><\/path><\/svg>","icon_width":24,"icon_height":24,"icon_mg_right":14,"text":"100% SECURE SHOPPING","font_size_text":18,"font_size_text_mb":16,"mg_bottom_text":0,"font_weight_text":"700","font_style_text":"normal","description":"","link":""}}},"block_order":["42da5be0-ceb2-4dfe-8de3-ff0116edaa8f","e9b780cb-12f1-43fd-8872-cb8cf4652df6","f4750cba-f9c8-46bd-886b-3d56aaafe9e5","55eecbbd-d201-47af-9505-25c5ffb7fe8c"],"settings":{"container":"container","padding_full_width":0,"policies_block_swipe_on_mobile":"scroll","mg_top_desktop":0,"mg_top_tablet":0,"mg_top_mobile":0,"mg_bottom_desktop":0,"mg_bottom_tablet":10,"mg_bottom_mobile":10,"policies_bg":"#ffffff","policies_bg_gradient":"","border_item":"style_2","align_items":"center","text_align_items":"center","enable_item_distance":false,"item_color_border":"#000000","item_padding_top":18,"item_padding_bottom":18,"item_padding_left_right":20,"item_radius":0,"bg_color_block":"#f8f8f8","border_block":"#f8f8f8","color_block":"#232323","color_icon":"#3c3c3c"}},"slide_show_D9CT3V":{"type":"slide-show","blocks":{"image_zkGPjw":{"type":"image","settings":{"image_slide":"shopify:\/\/shop_images\/White_Green_Modern_Serum_New_Arrivals_Outdoor_Banner_2.png","image_slide_mb":"shopify:\/\/shop_images\/White_Green_Modern_Serum_New_Arrivals_Outdoor_Banner_638_x_870_px_2.png","alignment":"left","enable_custom_position":false,"custom_horizontal":"","custom_vertical":"","enable_position_outside_image":false,"text_alignment":"center","enable_border_line":false,"padding_vertical":30,"content_width":475,"enable_content_fullwidth":false,"bg_color_content":"","border_color_content":"","profile_name":"","profile_name_color":"","profile_name_fs":20,"profile_name_fs_mb":20,"profile_name_fw":"normal","profile_title":"","profile_title_color":"","profile_title_fs":20,"profile_title_fs_mb":20,"profile_title_fw":"normal","profile_spacing_bottom":50,"sub_heading":"","letter_spacing_sub_title":"","font_size_sub_heading":30,"sub_heading_spacing_bottom":20,"sub_heading_font":"font_2","font_weight_sub_heading":"400","border_sub_heading":"none","sub_title_position":"sub_title_above","color_sub_heading":"#ffffff","heading":"","letter_spacing_heading":"","enable_border_heading":false,"font_style_heading":"normal","font_size_heading":40,"line_height_heading":40,"heading_spacing_bottom":8,"color_heading":"#232323","slide-des":"","font_size_des":12,"des_spacing_bottom":35,"color_des":"#232323","sub_heading_mb":"","font_size_sub_heading_mb":20,"sub_heading_spacing_bottom_mb":20,"font_weight_sub_heading_mb":"400","border_sub_heading_mb":"none","color_sub_heading_mb":"#ffffff","heading_mb":"","font_style_heading_mb":"normal","font_size_heading_mb":24,"line_height_heading_mb":24,"heading_spacing_bottom_mb":8,"color_heading_mb":"#ffffff","slide-des-mb":"","font_size_des_mb":12,"des_spacing_bottom_mb":35,"color_des_mb":"#ffffff","enable_icon_button":false,"enable_button_link":false,"enable_underline":true,"font_size_link":36,"button_slide":"","link":"","button_style":"button_1","button_slide_2":"","link_2":"","min_width_banner_button":270,"color_button":"#ffffff","border_button":"#232323","bg_button":"#232323","bg_button_gradient":"","color_button_hover":"#ffffff","border_button_hover":"#232323","bg_button_hover":"#232323","bg_button_gradient_hover":"","lb_product_1":"","horizontal_pos_1":0,"vertical_pos_1":0,"lookbook_pos_1":"right","lb_product_2":"","horizontal_pos_2":0,"vertical_pos_2":0,"lookbook_pos_2":"right","lb_product_3":"","horizontal_pos_3":0,"vertical_pos_3":0,"lookbook_pos_3":"right"}},"image_jkeNGw":{"type":"image","disabled":true,"settings":{"image_slide":"shopify:\/\/shop_images\/White_Brown_Minimalist_Face_Serum_Skincare_Beauty_Product_Instagram_Post_1920_x_1080_px.png","alignment":"left","enable_custom_position":false,"custom_horizontal":"","custom_vertical":"","enable_position_outside_image":false,"text_alignment":"center","enable_border_line":false,"padding_vertical":30,"content_width":475,"enable_content_fullwidth":false,"bg_color_content":"","border_color_content":"","profile_name":"","profile_name_color":"","profile_name_fs":20,"profile_name_fs_mb":20,"profile_name_fw":"normal","profile_title":"","profile_title_color":"","profile_title_fs":20,"profile_title_fs_mb":20,"profile_title_fw":"normal","profile_spacing_bottom":50,"sub_heading":"","letter_spacing_sub_title":"","font_size_sub_heading":30,"sub_heading_spacing_bottom":20,"sub_heading_font":"font_2","font_weight_sub_heading":"400","border_sub_heading":"none","sub_title_position":"sub_title_above","color_sub_heading":"#ffffff","heading":"","letter_spacing_heading":"","enable_border_heading":false,"font_style_heading":"normal","font_size_heading":40,"line_height_heading":40,"heading_spacing_bottom":8,"color_heading":"#232323","slide-des":"","font_size_des":12,"des_spacing_bottom":35,"color_des":"#232323","sub_heading_mb":"","font_size_sub_heading_mb":20,"sub_heading_spacing_bottom_mb":20,"font_weight_sub_heading_mb":"400","border_sub_heading_mb":"none","color_sub_heading_mb":"#ffffff","heading_mb":"","font_style_heading_mb":"normal","font_size_heading_mb":24,"line_height_heading_mb":24,"heading_spacing_bottom_mb":8,"color_heading_mb":"#ffffff","slide-des-mb":"","font_size_des_mb":12,"des_spacing_bottom_mb":35,"color_des_mb":"#ffffff","enable_icon_button":false,"enable_button_link":false,"enable_underline":true,"font_size_link":36,"button_slide":"","link":"","button_style":"button_1","button_slide_2":"","link_2":"","min_width_banner_button":270,"color_button":"#ffffff","border_button":"#232323","bg_button":"#232323","bg_button_gradient":"","color_button_hover":"#ffffff","border_button_hover":"#232323","bg_button_hover":"#232323","bg_button_gradient_hover":"","lb_product_1":"","horizontal_pos_1":0,"vertical_pos_1":0,"lookbook_pos_1":"right","lb_product_2":"","horizontal_pos_2":0,"vertical_pos_2":0,"lookbook_pos_2":"right","lb_product_3":"","horizontal_pos_3":0,"vertical_pos_3":0,"lookbook_pos_3":"right"}}},"block_order":["image_zkGPjw","image_jkeNGw"],"settings":{"container":"container","padding_full_width":0,"mg_top_desktop":20,"mg_top_tablet":5,"mg_top_mobile":5,"mg_bottom_desktop":30,"mg_bottom_tablet":50,"mg_bottom_mobile":0,"slideshow_background":"","slideshow_background_gradient":"","autoplay":true,"slideshow_speed":"5000","slideshow_transition":"true","dots":"shape","dots_color":"#707979","dots_border_color":"#707979","dots_active_color":"rgba(0,0,0,0)","dots_active_border_color":"#505656","dots_direction":"bottom","dots_shape":"disc","position_slick_dots":"34px","dots_opacity":false,"arrow_active":true,"enable_custom_arrow":false,"arrow_width":35,"arrow_height":35,"arrow_size_icon":17,"arrow_color":"#666d6d","arrow_border_color":"#666d6d","arrow_bg_color":"#ffffff","arrow_color_hover":"","arrow_border_color_hover":"","arrow_bg_color_hover":"","position_slick_arrow":"10%","position_vertical_slick_arrow":"50%","image_behavior":"none","video_height":"41.7%","video_height_mb":"41.7%","auto_playvideo":true,"enable_categories":false,"text_categories":"Shop by categories","title_color":"#ffffff","bg_title":"#fd6506","text_icon_color":"#202020","menu_category":"","enable_banner":false,"lookbook_style":"1","enable_lookbook_width":false,"lookbook_width":250,"dot_desktop_size":24,"dot_mobile_size":16,"dot_shadow_color":"#ffffff","dot_outer_color":"#ffffff","show_dot_number":false,"show_dot_number_mobile":false,"show_plus_icon":false,"dot_inner_color":"#000000","number_desktop_size":24,"number_mobile_size":16,"lookbook_truncate":"1"}},"product_block_Qz7Tnq":{"type":"product-block","settings":{"container":"container","padding_full_width":0,"disable_padding_content":false,"enable_border_top":false,"enable_border_bottom":false,"border_height":1,"color_border_bottom":"#232323","enable_minus_mg_top":false,"minus_spacing_top":-100,"mg_top_desktop":50,"mg_top_tablet":50,"mg_top_mobile":50,"mg_bottom_desktop":50,"mg_bottom_tablet":50,"mg_bottom_mobile":50,"product_block_layout":"slider","product_bg":"#efefef","product_bg_gradient":"linear-gradient(270deg, rgba(202, 206, 255, 1), rgba(249, 208, 163, 1) 100%)","style_block_header":"style1","pd_top_title":30,"product_block_title":"Trending Now","enable_border_title":true,"enable_border_title_style2":true,"fontsize_title":16,"fontsize_title_mb":16,"mg_bottom_title":12,"mg_bottom_title_mb":12,"border_color_title":"#232323","color_title":"#232323","view_all":"","view_all_align":"center","font_weight_view_all":"400","mg_bottom_view":30,"mg_bottom_view_mb":0,"enable_border_view_all":true,"link_view_all":"shopify:\/\/collections\/all","color_view_all":"#3c3c3c","icon_view_all":"","color_view_all_icon":"#eb492f","title_align":"center","button_text":"Show More","button_text_font_size":14,"button_text_font_weight":"500","button_text_text_transform":"uppercase","product_button_width":270,"pd_top_product_button":12,"pd_bottom_product_button":12,"button_icon":"","mg_bottom_button":55,"enable_button_shadow":true,"color_button":"#ffffff","border_color_button":"#232323","bg_color_button":"#232323","bg_color_gradient_button":"","color_button_hover":"","border_color_button_hover":"","bg_color_button_hover":"","bg_color_gradient_button_hover":"","product_block_collection":"frontpage","product_block_limit":8,"grid_gap":30,"pb_style":"style1","style_countdown":"style_1","countdown":"","font_size_countdown_text":14,"color_countdown":"#f42b23","countdown_margin_left":15,"product_block_per_row":"2","product_block_infinite_scroll":true,"product_block_swipe_on_mobile":true,"enable_product_card_pd_bottom":false,"product_card_pd_bottom":40,"product_block_dots":false,"product_block_dots_mb":true,"spacing_top_dots":0,"product_block_arrows":true,"product_block_arrows_mb":false,"product_block_progress_bar":false,"product_block_counter_number":false,"enable_hover_arrow":false,"enable_infinite":true,"product_block_show":"5","position_vertical_arrow":"70px","product_block_per_view":"2","show_half":true,"scroll_height":4,"scroll_track_bg":"#f1f1f1","scroll_thumb_color":"#000000","scroll_thumb_hover_color":"#444444","enable_hover_drag_icon":true,"position":"left","width_banner":40,"display_list_collection":false,"collection_color":"#202020","collection_color_hover":"#3e8cc4","collection_bg_color":"#ffffff","collection_bg_color_gradient":"","text_list":"View all categories","url_list":"shopify:\/\/collections\/all","enable_layout_special":false,"bg_card":"#ffffff","padding_card":15,"border_radius_card":5,"border_layout_card":"full","border_width_card":5,"border_color_card":"#f0f1f4"}},"featured_product_unsymmetrical_tJWbga":{"type":"featured-product-unsymmetrical","disabled":true,"settings":{"container":"container","padding_full_width":0,"mg_top_desktop":50,"mg_top_tablet":50,"mg_top_mobile":50,"mg_bottom_desktop":50,"mg_bottom_tablet":50,"mg_bottom_mobile":50,"product_bg":"#ffffff","product_bg_gradient":"","enable_heading_sticky":false,"product_block_title":"Trending Now","fontsize_title":16,"fontsize_title_tablet":16,"fontsize_title_mb":16,"mg_bottom_title":12,"mg_bottom_title_mb":12,"color_title":"#232323","view_all":"","view_all_align":"center","font_weight_view_all":"400","mg_bottom_view":30,"mg_bottom_view_mb":0,"enable_border_view_all":true,"link_view_all":"shopify:\/\/collections\/all","color_view_all":"#3c3c3c","icon_view_all":"","color_view_all_icon":"#eb492f","title_align":"center","product_block_collection":"frontpage","product_block_limit":8,"item_distance":15,"enable_dots":false,"spacing_top_dots":0,"enable_arrows":false,"product_block_show":"2.5","product_block_progress_bar":false,"scroll_height":4,"scroll_track_bg":"#f1f1f1","scroll_thumb_color":"#000000","scroll_thumb_hover_color":"#444444"}},"featured_product_xGrFJt":{"type":"featured-product","blocks":{"title_BbTbUP":{"type":"title","settings":{"fontsize_text":40,"fontsize_text_mb":24,"color_title":"#000000","spacing_top":0,"spacing_bottom":17}},"meta_mGYpwD":{"type":"meta","settings":{"spacing_top":0,"spacing_bottom":13,"show_review":true,"show_sold_in":true,"sold_in_number":"3,5,6,7,8,10,12,15","sold_in_hours":"10,15,16,17,18,20,25,35","color_text_sold_in":"#b60b32"}},"short_description_Un4eF8":{"type":"short_description","settings":{"word_number":"17","fontsize_text":16,"color_text":"#2938ff","spacing_top":0,"spacing_bottom":24}},"price_W64G7A":{"type":"price","settings":{"fontsize_text":30,"spacing_top":0,"spacing_bottom":24}},"product_text_hTh3iA":{"type":"product_text","disabled":true,"settings":{"text":"","text_icon":"","text_description":"<strong>Shipping<\/strong> calculated at checkout.","fontsize_text":16,"content_spacing":0,"custom_block_align":"left","color_title":"#ffffff","background_color_block":"rgba(0,0,0,0)","background_gradient_color_block":"","spacing_top":0,"spacing_bottom":26}},"variant_picker_PYwXh9":{"type":"variant_picker","disabled":true,"settings":{"picker_type":"button","show_variant_image_group":false,"color_label":"#ffffff","enable_border_top":false,"enable_border_bottom":false,"color_border":"#e6e6e6","spacing_top":0,"spacing_bottom":15}},"quantity_selector_e48k4j":{"type":"quantity_selector","disabled":true,"settings":{"qty_style":"1","qty_layout":"2","color_qty_label":"#000000","color_qty_input":"#000000","bg_color_qty_input":"#000000","spacing_top":0,"spacing_bottom":0}},"buy_buttons_f4ewp4":{"type":"buy_buttons","settings":{"show_dynamic_checkout":false,"fontsize_text":14,"checkbox_color":"#ffffff","checkbox_border_color":"#494a4d","spacing_top":0,"spacing_bottom":15,"color_qty_label":"#ffffff","color_qty_input":"#f2f5ff","bg_color_qty_input":"rgba(0,0,0,0)","wishlist_color":"#747474","wishlist_border_color":"#121212","wishlist_bg_color":"#121212","wishlist_color_hover":"#ffffff","wishlist_border_color_hover":"#3faeea","wishlist_bg_color_hover":"#3faeea","atc_animation":"horizontal-shaking","atc_color":"#000000","atc_border_color":"rgba(0,0,0,0)","atc_bg_color":"#f9e400","atc_bg_color_gradient":"","atc_color_hover":"#f9e400","atc_border_color_hover":"rgba(0,0,0,0)","atc_bg_color_hover":"rgba(0,0,0,0)","atc_bg_color_gradient_hover":"linear-gradient(#000, #000) padding-box,        linear-gradient(90deg, rgba(48, 188, 237, 1), rgba(127, 72, 176, 1) 50%, rgba(229, 26, 203, 1) 100%) border-box","bin_color":"#ffffff","bin_border_color":"rgba(0,0,0,0)","bin_bg_color":"rgba(0,0,0,0)","bin_bg_color_gradient":"linear-gradient(#000, #000) padding-box,        linear-gradient(90deg, rgba(48, 188, 237, 1), rgba(127, 72, 176, 1) 50%, rgba(229, 26, 203, 1) 100%) border-box","bin_color_hover":"#ffffff","bin_border_color_hover":"rgba(0,0,0,0)","bin_bg_color_hover":"rgba(0,0,0,0)","bin_bg_color_hover_gradient":"linear-gradient(90deg, rgba(48, 188, 237, 1), rgba(127, 72, 176, 1) 50%, rgba(229, 26, 203, 1) 100%)"}}},"block_order":["title_BbTbUP","meta_mGYpwD","short_description_Un4eF8","price_W64G7A","product_text_hTh3iA","variant_picker_PYwXh9","quantity_selector_e48k4j","buy_buttons_f4ewp4"],"settings":{"id_section":"","container":"container","padding_full_width":0,"show_sticky_info":false,"mg_top_desktop":60,"mg_top_tablet":50,"mg_top_mobile":40,"mg_bottom_desktop":50,"mg_bottom_tablet":30,"mg_bottom_mobile":30,"bg_color_product":"#f0e2ff","title":"COMBO","color_title":"#232323","fontsize_title":60,"fontsize_title_mb":34,"margin_bottom_title":43,"margin_bottom_title_mb":20,"des":"GLOWING KIT","color_des":"#ff0000","fontsize_des":16,"margin_bottom_des":45,"margin_bottom_des_mb":30,"title_align":"center","featured_product":"elibliss-booster-vitamin-c-serum-antioxidant-rich-formula-for-enhanced-brightness-and-skin-vitality","main_image_arrows_desktop":true,"main_image_counter_mobile":false,"main_image_position":"left","main_image_bg_color":"#121212","show_thumbnail_mobile":true,"thumnail_layout":"2","thumbnail_to_show":5,"thumbnail_active_color":"#e11ecb","thumbnail_arrow_color_mb":"#ffffff","thumbnail_image_bg_color":"#121212","product_image_ratio":"adapt","portrait_aspect_ratio":100,"media_fit":"unset","product_image_popup":"fancybox","video_layout":"popup","show_badge":true,"show_qty":true}},"image_comparison_bWVBPJ":{"type":"image-comparison","disabled":true,"settings":{"container":"container","padding_full_width":0,"mg_top_desktop":50,"mg_top_tablet":50,"mg_top_mobile":50,"mg_bottom_desktop":50,"mg_bottom_tablet":50,"mg_bottom_mobile":50,"section_bg":"#fafafa","section_gradient":"","text_align":"center","section_subtitle":"","section_subtitle_font_size":32,"section_subtitle_font_size_mb":18,"section_subtitle_font_weight":"600","section_subtitle_color":"#191919","section_subtitle_margin_top":0,"section_subtitle_font_style":"italic","section_sub_title_letter_spacing":"0.05em","section_title":"Iconic Divine Eyeshadow Palettes","section_title_font_size":32,"section_title_font_size_mb":18,"section_title_font_weight":"600","section_title_color":"#191919","section_title_margin_top":0,"section_title_font_style":"italic","section_title_letter_spacing":"0em","section_title_max_width":300,"section_description":"New Shades. Improved Formula.Full color Pay-Off.","section_description_font_size":16,"section_description_font_size_mb":14,"section_description_font_weight":"500","section_description_color":"#191919","section_description_margin_top":25,"section_description_max_width":530,"section_description_letter_spacing":"0.02em","button_type":"button","button_link":"","button_text":"Shop Eyeshadows","button_font_size":16,"button_width":190,"button_margin_top":50,"button_text_color":"#ffffff","button_border_color":"#232323","button_background_color":"#232323","button_gradient_color":"","button_text_color_hover":"#ffffff","button_border_color_hover":"#232323","button_background_color_hover":"#232323","button_gradient_color_hover":"","button_text_letter_spacing":"0.1em","enable_button_custom_border":true,"custom_border_color":"","button_text_transform":"capitalize","button_font_weight":"600","content_position":"right","content_side_style":"1","content_style_2_background_color":"","content_style_2_background_gradient":"","content_style_2_border_color":""}},"instagram_jXDYhz":{"type":"instagram","blocks":{"instagram_bxzBfp":{"type":"instagram","settings":{"enable":true,"link":""}},"instagram_mMKELB":{"type":"instagram","settings":{"enable":true,"link":""}},"instagram_VPUUJB":{"type":"instagram","settings":{"enable":true,"link":""}},"instagram_4jachb":{"type":"instagram","settings":{"enable":true,"link":""}},"instagram_W3qcj7":{"type":"instagram","settings":{"enable":true,"link":""}},"instagram_Mmi8Yq":{"type":"instagram","settings":{"enable":true,"link":""}},"instagram_nwEzxw":{"type":"instagram","settings":{"enable":true,"link":""}}},"block_order":["instagram_bxzBfp","instagram_mMKELB","instagram_VPUUJB","instagram_4jachb","instagram_W3qcj7","instagram_Mmi8Yq","instagram_nwEzxw"],"settings":{"container":"container","padding_full_width":0,"disable_padding_content":false,"type_instagram":"default","block_layout":"infinite","scroll_from":"rtl","scroll_time":"30","mg_top_desktop":50,"mg_top_tablet":50,"mg_top_mobile":50,"mg_bottom_desktop":50,"mg_bottom_tablet":50,"mg_bottom_mobile":50,"enable_border_instagram":false,"instagram_border_color":"#e6e6e6","instagram_bg":"#fafafa","instagram_bg_gradient":"","style_block_header":"style1","instagram_title":"#Ella On Instagram","enable_border_title":false,"border_color_title":"#232323","color_title":"#232323","mg_bottom_title":15,"fontsize_title":16,"fontsize_title_mb":16,"instagram_des":"Phasellus lorem malesuada ligula pulvinar commodo maecenas","color_des":"#3c3c3c","fontsize_des":16,"margin_bottom_des":35,"content_width":375,"title_align":"center","view_all":"","view_all_fs":12,"view_all_align":"center","font_weight_view_all":"400","mg_bottom_view":30,"enable_border_view_all":true,"link_view_all":"","color_view_all":"#3c3c3c","display_instagram_button":true,"instagram_button_text":"View Gallery","type_button_more":"load","instagram_button_link":"","enable_underline_button":false,"color_button":"#ffffff","border_color_button":"#232323","bg_color_button":"#232323","bg_color_gradient_button":"","color_button_hover":"#232323","border_color_button_hover":"#232323","bg_color_button_hover":"#ffffff","bg_color_gradient_button_hover":"","maxwidth_button":230,"mg_top_button":30,"embed_code":"","type_instagram_by_gallery":"popup_image","images_per_row":"5","instagram_item_limit":5,"grid_gap":5,"enable_hide_portion":false,"slide_ins":"default_ins","display_arrow":true,"enable_hover_arrow":false,"display_dots":false,"icon_for_image":"","icon_style":"style_1","effects_bg":"","effects_opacity":0}}},"order":["1640661849c9458fec","1641376862eb238c02","slide_show_D9CT3V","product_block_Qz7Tnq","featured_product_unsymmetrical_tJWbga","featured_product_xGrFJt","image_comparison_bWVBPJ","instagram_jXDYhz"]}