{"sections":{"main":{"type":"main-page","settings":{}},"image_banner_xaxt9C":{"type":"image-banner","blocks":{"large_img_WDWexB":{"type":"largeImg","settings":{"image":"shopify:\/\/shop_images\/autumn-photographer-taking-picture_7e9540f5-f929-41cd-8ae0-03546a3ddfbd.jpg","enable_max_width_image":false,"custom_width_image":1170,"enable_scroll_down":false,"enable_custom_image":false,"image_behavior":"none","sub_title":"","border_sub_title":false,"font_size_sub_title":14,"font_size_sub_title_mb":14,"margin_bottom_sub_title":14,"sub_heading_font":"font_1","font_weight_sub_title":"700","sub_title_position":"sub_title_above","color_sub_title":"#232323","color_sub_title_mb":"#fff","heading":"Metropólis","letter_spacing_heading":"","enable_style_italic":false,"font_size_heading":40,"font_size_heading_mb":24,"margin_bottom_heading":20,"font_weight_heading":"600","color_heading":"#232323","color_heading_mb":"#fff","border_title":"border_s1","border_color_title":"#232323","border_color_title_mobile":"#fff","text":"Pellentesque posuere orci lobortis scelerisque blandit. Donec id tellus lacinia an tincidunt risus an consequat delit quisquemos.","font_size_des":12,"font_size_des_mb":12,"line_height_des":26,"margin_bottom_des":35,"color_des":"#232323","color_des_mb":"#fff","countdown":"","hide_countdown_fc":"countdown","countdown_style":"round","countdown_position":"countdown_below_desc","font_size_countdown_number":30,"font_size_countdown_text":14,"color_countdown":"#232323","color_countdown_mb":"#fff","countdown_margin_bottom":35,"content_width":475,"align":"center","align_items":"center","position":"left","custom_horizontal":"","custom_vertical":"","btn_text":"Shop Now","link":"shopify:\/\/products\/game-cover-23","btn_icon":"","button_1_width":235,"enable_button_custom_border":false,"button_color":"#fff","button_border":"#232323","button_background":"#232323","button_background_gradient":"","button_color_hover":"#fff","button_border_hover":"#232323","button_background_hover":"#232323","button_background_gradient_hover":"","btn_text_2":"","link_2":"","btn_icon_2":"","button_color_2":"#fff","button_border_2":"#232323","button_background_2":"#232323","button_background_2_gradient":"","button_color_hover_2":"#fff","button_border_hover_2":"#232323","button_background_hover_2":"#232323","button_background_gradient_hover_2":"","adaptive_height_video":"56","icon_style":"style_1","color_icon":"#fff","bg_color_icon":"#000","enable_custom_video_icon_position":false,"video_icon_horizontal_position":"","video_icon_vertical_position":"","video_icon_horizontal_position_mb":"","video_icon_vertical_position_mb":""}}},"block_order":["large_img_WDWexB"],"settings":{"id_section":"","container":"fullwidth","padding_full_width":0,"mg_top_desktop":50,"mg_top_tablet":50,"mg_top_mobile":50,"mg_bottom_desktop":50,"mg_bottom_tablet":50,"mg_bottom_mobile":50,"image_banner_title":"","enable_border_title":false,"color_title":"#202020","fontsize_title":24,"fontsize_title_mb":20,"margin_bottom_title":25,"image_banner_des":"","color_des":"#202020","fontsize_des":16,"title_align":"center","style_bg":"none","bg_color":"","bg_color_gradient":"","display_type":"slide","list_gap":0,"enable_arrows":false,"arrows_position":"","enable_dots":false,"enable_autoplay":false}}},"order":["main","image_banner_xaxt9C"]}